Date,Close,GDP,Debt,DXY
1-1-2020,71.275803,2.619,516.32,97.39
2-1-2020,71.025002,2.619,516.32,97.39
3-1-2020,71.415001,2.619,516.32,97.39
6-1-2020,71.731003,2.619,516.32,97.39
7-1-2020,71.787003,2.619,516.32,97.39
8-1-2020,72.160004,2.619,516.32,97.39
9-1-2020,71.411903,2.619,516.32,97.39
10-1-2020,71.194298,2.619,516.32,97.39
13-01-2020,70.953003,2.619,516.32,97.39
14-01-2020,70.718903,2.619,516.32,97.39
15-01-2020,70.8451,2.619,516.32,97.39
16-01-2020,70.718002,2.619,516.32,97.39
17-01-2020,70.945602,2.619,516.32,97.39
20-01-2020,71.034698,2.619,516.32,97.39
21-01-2020,71.030998,2.619,516.32,97.39
22-01-2020,71.169998,2.619,516.32,97.39
23-01-2020,71.078102,2.619,516.32,97.39
24-01-2020,71.320999,2.619,516.32,97.39
27-01-2020,71.324997,2.619,516.32,97.39
28-01-2020,71.440002,2.619,516.32,97.39
29-01-2020,71.2304,2.619,516.32,97.39
30-01-2020,71.300003,2.619,516.32,97.39
31-01-2020,71.639999,2.619,516.32,97.39
3-2-2020,71.496498,2.261,519.88,98.13
4-2-2020,71.314102,2.261,519.88,98.13
5-2-2020,71.099998,2.261,519.88,98.13
6-2-2020,71.18,2.261,519.88,98.13
7-2-2020,71.470001,2.261,519.88,98.13
10-2-2020,71.515503,2.261,519.88,98.13
11-2-2020,71.279999,2.261,519.88,98.13
12-2-2020,71.275299,2.261,519.88,98.13
13-02-2020,71.296204,2.261,519.88,98.13
14-02-2020,71.268501,2.261,519.88,98.13
17-02-2020,71.514801,2.261,519.88,98.13
18-02-2020,71.349197,2.261,519.88,98.13
19-02-2020,71.574997,2.261,519.88,98.13
20-02-2020,71.827499,2.261,519.88,98.13
21-02-2020,72.110001,2.261,519.88,98.13
24-02-2020,71.886803,2.261,519.88,98.13
25-02-2020,72.0467,2.261,519.88,98.13
26-02-2020,71.870003,2.261,519.88,98.13
27-02-2020,71.663399,2.261,519.88,98.13
28-02-2020,71.93,2.261,519.88,98.13
2-3-2020,72.150002,2.261,519.88,99.05
3-3-2020,72.824997,2.261,519.88,99.05
4-3-2020,73.342003,2.261,519.88,99.05
5-3-2020,74.042503,2.261,519.88,99.05
6-3-2020,73.855103,2.261,519.88,99.05
9-3-2020,73.9953,2.261,519.88,99.05
10-3-2020,74.405998,2.261,519.88,99.05
11-3-2020,74.205002,2.261,519.88,99.05
12-3-2020,74.760002,2.261,519.88,99.05
13-03-2020,75.300003,2.261,519.88,99.05
16-03-2020,73.903999,2.261,519.88,99.05
17-03-2020,75.154999,2.261,519.88,99.05
18-03-2020,74.012398,2.261,519.88,99.05
19-03-2020,74.982002,2.261,519.88,99.05
20-03-2020,75.159698,2.261,519.88,99.05
23-03-2020,75.622101,2.261,519.88,99.05
24-03-2020,76.505997,2.261,519.88,99.05
25-03-2020,77.260002,2.261,519.88,99.05
26-03-2020,75.845497,2.261,519.88,99.05
27-03-2020,74.725601,2.261,519.88,99.05
30-03-2020,75.464996,2.261,519.88,99.05
31-03-2020,75.400002,2.261,519.88,99.05
1-4-2020,75.324997,2.276,525.83,99.02
2-4-2020,77.57,2.276,525.83,99.02
3-4-2020,77.139999,2.276,525.83,99.02
6-4-2020,76.230003,2.276,525.83,99.02
7-4-2020,75.964897,2.276,525.83,99.02
8-4-2020,76.660004,2.276,525.83,99.02
9-4-2020,75.959,2.276,525.83,99.02
10-4-2020,76.650002,2.276,525.83,99.02
13-04-2020,76.166496,2.276,525.83,99.02
14-04-2020,76.910004,2.276,525.83,99.02
15-04-2020,75.931,2.276,525.83,99.02
16-04-2020,77.212502,2.276,525.83,99.02
17-04-2020,77.57,2.276,525.83,99.02
20-04-2020,76.559998,2.276,525.83,99.02
21-04-2020,77.209999,2.276,525.83,99.02
22-04-2020,76.969398,2.276,525.83,99.02
23-04-2020,76.400002,2.276,525.83,99.02
24-04-2020,76.422501,2.276,525.83,99.02
27-04-2020,76.2715,2.276,525.83,99.02
28-04-2020,76.186302,2.276,525.83,99.02
29-04-2020,76.464996,2.276,525.83,99.02
30-04-2020,75.258499,2.276,525.83,99.02
1-5-2020,75.720001,2.276,525.83,98.34
4-5-2020,75.600502,2.276,525.83,98.34
5-5-2020,75.849998,2.276,525.83,98.34
6-5-2020,76.169998,2.276,525.83,98.34
7-5-2020,76.151299,2.276,525.83,98.34
8-5-2020,76.080002,2.276,525.83,98.34
11-5-2020,75.525002,2.276,525.83,98.34
12-5-2020,76.309998,2.276,525.83,98.34
13-05-2020,75.68,2.276,525.83,98.34
14-05-2020,75.426201,2.276,525.83,98.34
15-05-2020,75.485001,2.276,525.83,98.34
18-05-2020,75.82,2.276,525.83,98.34
19-05-2020,75.600098,2.276,525.83,98.34
20-05-2020,76,2.276,525.83,98.34
21-05-2020,75.779999,2.276,525.83,98.34
22-05-2020,75.625,2.276,525.83,98.34
25-05-2020,75.985001,2.276,525.83,98.34
26-05-2020,76.110001,2.276,525.83,98.34
27-05-2020,75.82,2.276,525.83,98.34
28-05-2020,76.129997,2.276,525.83,98.34
29-05-2020,75.959999,2.276,525.83,98.34
1-6-2020,75.513199,2.237,532.95,97.39
2-6-2020,75.730003,2.237,532.95,97.39
3-6-2020,75.065804,2.237,532.95,97.39
4-6-2020,75.544998,2.237,532.95,97.39
5-6-2020,75.490898,2.237,532.95,97.39
8-6-2020,75.5177,2.237,532.95,97.39
9-6-2020,75.625,2.237,532.95,97.39
10-6-2020,75.509804,2.237,532.95,97.39
11-6-2020,75.875,2.237,532.95,97.39
12-6-2020,76.389999,2.237,532.95,97.39
15-06-2020,75.956802,2.237,532.95,97.39
16-06-2020,75.977997,2.237,532.95,97.39
17-06-2020,76.654999,2.237,532.95,97.39
18-06-2020,76.550003,2.237,532.95,97.39
19-06-2020,76.400398,2.237,532.95,97.39
22-06-2020,76.252098,2.237,532.95,97.39
23-06-2020,75.789803,2.237,532.95,97.39
24-06-2020,75.607803,2.237,532.95,97.39
25-06-2020,75.970001,2.237,532.95,97.39
26-06-2020,75.539803,2.237,532.95,97.39
29-06-2020,75.619797,2.237,532.95,97.39
30-06-2020,75.699997,2.237,532.95,97.39
1-7-2020,75.75,2.237,532.95,93.49
2-7-2020,75.454903,2.237,532.95,93.49
3-7-2020,74.721001,2.237,532.95,93.49
6-7-2020,74.679298,2.237,532.95,93.49
7-7-2020,74.607597,2.237,532.95,93.49
8-7-2020,75.125,2.237,532.95,93.49
9-7-2020,74.939903,2.237,532.95,93.49
10-7-2020,75.339996,2.237,532.95,93.49
13-07-2020,75.158501,2.237,532.95,93.49
14-07-2020,75.449997,2.237,532.95,93.49
15-07-2020,75.574997,2.237,532.95,93.49
16-07-2020,75.124901,2.237,532.95,93.49
17-07-2020,75.1745,2.237,532.95,93.49
20-07-2020,74.897301,2.237,532.95,93.49
21-07-2020,74.989998,2.237,532.95,93.49
22-07-2020,74.769997,2.237,532.95,93.49
23-07-2020,74.82,2.237,532.95,93.49
24-07-2020,74.807297,2.237,532.95,93.49
27-07-2020,74.759804,2.237,532.95,93.49
28-07-2020,75,2.237,532.95,93.49
29-07-2020,75.089996,2.237,532.95,93.49
30-07-2020,74.8312,2.237,532.95,93.49
31-07-2020,74.989998,2.237,532.95,93.49
3-8-2020,74.917801,2.476,546.26,92.14
4-8-2020,75.330002,2.476,546.26,92.14
5-8-2020,75.25,2.476,546.26,92.14
6-8-2020,74.882202,2.476,546.26,92.14
7-8-2020,74.899803,2.476,546.26,92.14
10-8-2020,75.024803,2.476,546.26,92.14
11-8-2020,75.099998,2.476,546.26,92.14
12-8-2020,74.900002,2.476,546.26,92.14
13-08-2020,74.772102,2.476,546.26,92.14
14-08-2020,75.029999,2.476,546.26,92.14
17-08-2020,74.902802,2.476,546.26,92.14
18-08-2020,75,2.476,546.26,92.14
19-08-2020,74.794998,2.476,546.26,92.14
20-08-2020,74.966797,2.476,546.26,92.14
21-08-2020,74.999901,2.476,546.26,92.14
24-08-2020,74.921799,2.476,546.26,92.14
25-08-2020,74.400002,2.476,546.26,92.14
26-08-2020,74.452499,2.476,546.26,92.14
27-08-2020,74.240097,2.476,546.26,92.14
28-08-2020,73.774498,2.476,546.26,92.14
31-08-2020,73.128304,2.476,546.26,92.14
1-9-2020,73.669998,2.476,546.26,93.89
2-9-2020,73.269997,2.476,546.26,93.89
3-9-2020,73.248497,2.476,546.26,93.89
4-9-2020,73.447899,2.476,546.26,93.89
7-9-2020,73.290298,2.476,546.26,93.89
8-9-2020,73.650002,2.476,546.26,93.89
9-9-2020,73.786797,2.476,546.26,93.89
10-9-2020,73.550003,2.476,546.26,93.89
11-9-2020,73.527298,2.476,546.26,93.89
14-09-2020,73.4786,2.476,546.26,93.89
15-09-2020,73.614998,2.476,546.26,93.89
16-09-2020,73.800003,2.476,546.26,93.89
17-09-2020,73.550697,2.476,546.26,93.89
18-09-2020,73.583603,2.476,546.26,93.89
21-09-2020,73.534798,2.476,546.26,93.89
22-09-2020,73.579803,2.476,546.26,93.89
23-09-2020,73.502998,2.476,546.26,93.89
24-09-2020,73.778397,2.476,546.26,93.89
25-09-2020,73.682404,2.476,546.26,93.89
28-09-2020,73.699303,2.476,546.26,93.89
29-09-2020,73.974998,2.476,546.26,93.89
30-09-2020,73.845001,2.476,546.26,93.89
1-10-2020,73.705002,2.536,556.87,94.04
2-10-2020,73.217003,2.536,556.87,94.04
5-10-2020,73.322403,2.536,556.87,94.04
6-10-2020,73.108299,2.536,556.87,94.04
7-10-2020,73.815002,2.536,556.87,94.04
8-10-2020,73.542503,2.536,556.87,94.04
9-10-2020,73.280502,2.536,556.87,94.04
12-10-2020,73.014801,2.536,556.87,94.04
13-10-2020,73.3508,2.536,556.87,94.04
14-10-2020,73.620003,2.536,556.87,94.04
15-10-2020,73.296204,2.536,556.87,94.04
16-10-2020,73.371002,2.536,556.87,94.04
19-10-2020,73.443802,2.536,556.87,94.04
20-10-2020,73.574997,2.536,556.87,94.04
21-10-2020,73.647499,2.536,556.87,94.04
22-10-2020,73.681297,2.536,556.87,94.04
23-10-2020,73.720001,2.536,556.87,94.04
26-10-2020,73.822899,2.536,556.87,94.04
27-10-2020,73.948502,2.536,556.87,94.04
28-10-2020,73.805,2.536,556.87,94.04
29-10-2020,74.440002,2.536,556.87,94.04
30-10-2020,74.264,2.536,556.87,94.04
2-11-2020,74.550499,2.536,556.87,91.87
3-11-2020,74.456802,2.536,556.87,91.87
4-11-2020,74.655602,2.536,556.87,91.87
5-11-2020,74.379997,2.536,556.87,91.87
6-11-2020,74.120003,2.536,556.87,91.87
9-11-2020,73.979797,2.536,556.87,91.87
10-11-2020,73.953201,2.536,556.87,91.87
11-11-2020,74.281601,2.536,556.87,91.87
12-11-2020,74.57,2.536,556.87,91.87
13-11-2020,74.864998,2.536,556.87,91.87
16-11-2020,74.487701,2.536,556.87,91.87
17-11-2020,74.418098,2.536,556.87,91.87
18-11-2020,74.479698,2.536,556.87,91.87
19-11-2020,74.419998,2.536,556.87,91.87
20-11-2020,74.099602,2.536,556.87,91.87
23-11-2020,74.162399,2.536,556.87,91.87
24-11-2020,74.244904,2.536,556.87,91.87
25-11-2020,73.9608,2.536,556.87,91.87
26-11-2020,73.7799,2.536,556.87,91.87
27-11-2020,74.048798,2.536,556.87,91.87
30-11-2020,73.940903,2.536,556.87,91.87
1-12-2020,74.0252,2.63,575.51,89.94
2-12-2020,73.654999,2.63,575.51,89.94
3-12-2020,73.662598,2.63,575.51,89.94
4-12-2020,73.864899,2.63,575.51,89.94
7-12-2020,73.790298,2.63,575.51,89.94
8-12-2020,74.019997,2.63,575.51,89.94
9-12-2020,73.726402,2.63,575.51,89.94
10-12-2020,73.934998,2.63,575.51,89.94
11-12-2020,73.7267,2.63,575.51,89.94
14-12-2020,73.737999,2.63,575.51,89.94
15-12-2020,73.860001,2.63,575.51,89.94
16-12-2020,73.759804,2.63,575.51,89.94
17-12-2020,73.6166,2.63,575.51,89.94
18-12-2020,73.5298,2.63,575.51,89.94
21-12-2020,73.6036,2.63,575.51,89.94
22-12-2020,73.935303,2.63,575.51,89.94
23-12-2020,74.269997,2.63,575.51,89.94
24-12-2020,73.839798,2.63,575.51,89.94
25-12-2020,73.5578,2.63,575.51,89.94
28-12-2020,73.689003,2.63,575.51,89.94
29-12-2020,73.544899,2.63,575.51,89.94
30-12-2020,73.453598,2.63,575.51,89.94
31-12-2020,73.134003,2.63,575.51,89.94
1-1-2021,73.089203,2.633,575.51,90.58
4-1-2021,73.092003,2.633,575.51,90.58
5-1-2021,73.32,2.633,575.51,90.58
6-1-2021,73.374802,2.633,575.51,90.58
7-1-2021,73.360001,2.633,575.51,90.58
8-1-2021,73.445999,2.633,575.51,90.58
11-1-2021,73.373398,2.633,575.51,90.58
12-1-2021,73.513496,2.633,575.51,90.58
13-01-2021,73.165001,2.633,575.51,90.58
14-01-2021,73.169899,2.633,575.51,90.58
15-01-2021,73.087601,2.633,575.51,90.58
18-01-2021,73.158997,2.633,575.51,90.58
19-01-2021,73.188698,2.633,575.51,90.58
20-01-2021,73.191902,2.633,575.51,90.58
21-01-2021,72.910896,2.633,575.51,90.58
22-01-2021,72.954903,2.633,575.51,90.58
25-01-2021,72.995903,2.633,575.51,90.58
26-01-2021,72.970001,2.633,575.51,90.58
27-01-2021,72.919998,2.633,575.51,90.58
28-01-2021,73.037102,2.633,575.51,90.58
29-01-2021,72.938797,2.633,575.51,90.58
1-2-2021,72.906601,2.633,575.51,90.93
2-2-2021,73.119797,2.633,575.51,90.93
3-2-2021,72.916298,2.633,575.51,90.93
4-2-2021,72.858002,2.633,575.51,90.93
5-2-2021,72.945702,2.633,575.51,90.93
8-2-2021,72.784798,2.633,575.51,90.93
9-2-2021,72.929901,2.633,575.51,90.93
10-2-2021,72.854897,2.633,575.51,90.93
11-2-2021,72.807297,2.633,575.51,90.93
12-2-2021,72.709503,2.633,575.51,90.93
15-02-2021,72.594803,2.633,575.51,90.93
16-02-2021,72.638702,2.633,575.51,90.93
17-02-2021,72.934998,2.633,575.51,90.93
18-02-2021,72.797302,2.633,575.51,90.93
19-02-2021,72.6054,2.633,575.51,90.93
22-02-2021,72.553001,2.633,575.51,90.93
23-02-2021,72.444,2.633,575.51,90.93
24-02-2021,72.376999,2.633,575.51,90.93
25-02-2021,72.400002,2.633,575.51,90.93
26-02-2021,73.150902,2.633,575.51,90.93
1-3-2021,73.595901,2.633,575.51,93.23
2-3-2021,73.309402,2.633,575.51,93.23
3-3-2021,73.277496,2.633,575.51,93.23
4-3-2021,72.880699,2.633,575.51,93.23
5-3-2021,73.131798,2.633,575.51,93.23
8-3-2021,73.1334,2.633,575.51,93.23
9-3-2021,73.330002,2.633,575.51,93.23
10-3-2021,72.775902,2.633,575.51,93.23
11-3-2021,72.706001,2.633,575.51,93.23
12-3-2021,72.639,2.633,575.51,93.23
15-03-2021,72.682999,2.633,575.51,93.23
16-03-2021,72.515297,2.633,575.51,93.23
17-03-2021,72.515602,2.633,575.51,93.23
18-03-2021,72.295601,2.633,575.51,93.23
19-03-2021,72.6688,2.633,575.51,93.23
22-03-2021,72.404999,2.633,575.51,93.23
23-03-2021,72.380501,2.633,575.51,93.23
24-03-2021,72.612198,2.633,575.51,93.23
25-03-2021,72.645599,2.633,575.51,93.23
26-03-2021,72.612801,2.633,575.51,93.23
29-03-2021,72.447197,2.633,575.51,93.23
30-03-2021,72.741898,2.633,575.51,93.23
31-03-2021,73.445297,2.633,575.51,93.23
1-4-2021,73.203499,2.668,580.94,91.28
2-4-2021,73.2873,2.668,580.94,91.28
5-4-2021,73.375999,2.668,580.94,91.28
6-4-2021,73.279503,2.668,580.94,91.28
7-4-2021,73.489998,2.668,580.94,91.28
8-4-2021,74.401497,2.668,580.94,91.28
9-4-2021,74.544502,2.668,580.94,91.28
12-4-2021,74.7295,2.668,580.94,91.28
13-04-2021,74.990997,2.668,580.94,91.28
14-04-2021,75.181503,2.668,580.94,91.28
15-04-2021,75.0261,2.668,580.94,91.28
16-04-2021,74.727402,2.668,580.94,91.28
19-04-2021,74.563202,2.668,580.94,91.28
20-04-2021,74.878197,2.668,580.94,91.28
21-04-2021,75.449203,2.668,580.94,91.28
22-04-2021,75.429497,2.668,580.94,91.28
23-04-2021,75.091698,2.668,580.94,91.28
26-04-2021,74.868103,2.668,580.94,91.28
27-04-2021,74.814903,2.668,580.94,91.28
28-04-2021,74.574997,2.668,580.94,91.28
29-04-2021,74.311798,2.668,580.94,91.28
30-04-2021,74.105797,2.668,580.94,91.28
3-5-2021,74.094803,2.668,580.94,89.84
4-5-2021,73.837502,2.668,580.94,89.84
5-5-2021,73.7789,2.668,580.94,89.84
6-5-2021,73.7994,2.668,580.94,89.84
7-5-2021,73.615196,2.668,580.94,89.84
10-5-2021,73.290298,2.668,580.94,89.84
11-5-2021,73.5,2.668,580.94,89.84
12-5-2021,73.375099,2.668,580.94,89.84
13-05-2021,73.681602,2.668,580.94,89.84
14-05-2021,73.444901,2.668,580.94,89.84
17-05-2021,73.2789,2.668,580.94,89.84
18-05-2021,73.269699,2.668,580.94,89.84
19-05-2021,73.128197,2.668,580.94,89.84
20-05-2021,73.2229,2.668,580.94,89.84
21-05-2021,73.021896,2.668,580.94,89.84
24-05-2021,72.909798,2.668,580.94,89.84
25-05-2021,72.836601,2.668,580.94,89.84
26-05-2021,72.804901,2.668,580.94,89.84
27-05-2021,72.672501,2.668,580.94,89.84
28-05-2021,72.682999,2.668,580.94,89.84
31-05-2021,72.393501,2.668,580.94,89.84
1-6-2021,72.487198,2.724,589.47,92.44
2-6-2021,72.855003,2.724,589.47,92.44
3-6-2021,72.965103,2.724,589.47,92.44
4-6-2021,73.044197,2.724,589.47,92.44
7-6-2021,72.909698,2.724,589.47,92.44
8-6-2021,72.809402,2.724,589.47,92.44
9-6-2021,72.975304,2.724,589.47,92.44
10-6-2021,72.985298,2.724,589.47,92.44
11-6-2021,73.012299,2.724,589.47,92.44
14-06-2021,73.231598,2.724,589.47,92.44
15-06-2021,73.180801,2.724,589.47,92.44
16-06-2021,73.344704,2.724,589.47,92.44
17-06-2021,73.824097,2.724,589.47,92.44
18-06-2021,74.253899,2.724,589.47,92.44
21-06-2021,74.143898,2.724,589.47,92.44
22-06-2021,74.135201,2.724,589.47,92.44
23-06-2021,74.332199,2.724,589.47,92.44
24-06-2021,74.246902,2.724,589.47,92.44
25-06-2021,74.1903,2.724,589.47,92.44
28-06-2021,74.212997,2.724,589.47,92.44
29-06-2021,74.2854,2.724,589.47,92.44
30-06-2021,74.287598,2.724,589.47,92.44
1-7-2021,74.371002,2.724,589.47,92.17
2-7-2021,74.544998,2.724,589.47,92.17
5-7-2021,74.481796,2.724,589.47,92.17
6-7-2021,74.317802,2.724,589.47,92.17
7-7-2021,74.762901,2.724,589.47,92.17
8-7-2021,74.821899,2.724,589.47,92.17
9-7-2021,74.721397,2.724,589.47,92.17
12-7-2021,74.490501,2.724,589.47,92.17
13-07-2021,74.541702,2.724,589.47,92.17
14-07-2021,74.659103,2.724,589.47,92.17
15-07-2021,74.469101,2.724,589.47,92.17
16-07-2021,74.537003,2.724,589.47,92.17
19-07-2021,74.631798,2.724,589.47,92.17
20-07-2021,74.993401,2.724,589.47,92.17
21-07-2021,74.527,2.724,589.47,92.17
22-07-2021,74.440201,2.724,589.47,92.17
23-07-2021,74.452003,2.724,589.47,92.17
26-07-2021,74.448898,2.724,589.47,92.17
27-07-2021,74.289497,2.724,589.47,92.17
28-07-2021,74.502296,2.724,589.47,92.17
29-07-2021,74.389999,2.724,589.47,92.17
30-07-2021,74.251999,2.724,589.47,92.17
2-8-2021,74.379097,2.756,594.66,92.63
3-8-2021,74.332001,2.756,594.66,92.63
4-8-2021,74.214401,2.756,594.66,92.63
5-8-2021,74.183998,2.756,594.66,92.63
6-8-2021,74.082001,2.756,594.66,92.63
9-8-2021,74.491402,2.756,594.66,92.63
10-8-2021,74.466202,2.756,594.66,92.63
11-8-2021,74.435501,2.756,594.66,92.63
12-8-2021,74.102997,2.756,594.66,92.63
13-08-2021,74.260101,2.756,594.66,92.63
16-08-2021,74.216797,2.756,594.66,92.63
17-08-2021,74.135002,2.756,594.66,92.63
18-08-2021,74.364502,2.756,594.66,92.63
19-08-2021,74.269798,2.756,594.66,92.63
20-08-2021,74.429298,2.756,594.66,92.63
23-08-2021,74.301498,2.756,594.66,92.63
24-08-2021,74.105904,2.756,594.66,92.63
25-08-2021,74.144798,2.756,594.66,92.63
26-08-2021,74.099998,2.756,594.66,92.63
27-08-2021,74.155998,2.756,594.66,92.63
30-08-2021,73.496597,2.756,594.66,92.63
31-08-2021,73.411201,2.756,594.66,92.63
1-9-2021,72.996696,2.756,594.66,94.25
2-9-2021,72.9851,2.756,594.66,94.25
3-9-2021,73.054298,2.756,594.66,94.25
6-9-2021,72.994499,2.756,594.66,94.25
7-9-2021,73.110001,2.756,594.66,94.25
8-9-2021,73.390404,2.756,594.66,94.25
9-9-2021,73.789001,2.756,594.66,94.25
10-9-2021,73.538002,2.756,594.66,94.25
13-09-2021,73.5243,2.756,594.66,94.25
14-09-2021,73.540802,2.756,594.66,94.25
15-09-2021,73.650803,2.756,594.66,94.25
16-09-2021,73.438004,2.756,594.66,94.25
17-09-2021,73.564903,2.756,594.66,94.25
20-09-2021,73.696098,2.756,594.66,94.25
21-09-2021,73.658997,2.756,594.66,94.25
22-09-2021,73.792702,2.756,594.66,94.25
23-09-2021,73.874901,2.756,594.66,94.25
24-09-2021,73.839996,2.756,594.66,94.25
27-09-2021,73.812897,2.756,594.66,94.25
28-09-2021,73.825302,2.756,594.66,94.25
29-09-2021,74.1633,2.756,594.66,94.25
30-09-2021,74.321999,2.756,594.66,94.25
1-10-2021,74.254402,2.785,600.86,94.12
4-10-2021,74.1521,2.785,600.86,94.12
5-10-2021,74.5728,2.785,600.86,94.12
6-10-2021,74.563202,2.785,600.86,94.12
7-10-2021,74.760002,2.785,600.86,94.12
8-10-2021,74.830002,2.785,600.86,94.12
11-10-2021,75.305801,2.785,600.86,94.12
12-10-2021,75.402603,2.785,600.86,94.12
13-10-2021,75.483902,2.785,600.86,94.12
14-10-2021,75.306297,2.785,600.86,94.12
15-10-2021,74.995003,2.785,600.86,94.12
18-10-2021,75.005898,2.785,600.86,94.12
19-10-2021,75.235497,2.785,600.86,94.12
20-10-2021,75.120102,2.785,600.86,94.12
21-10-2021,74.809196,2.785,600.86,94.12
22-10-2021,74.865402,2.785,600.86,94.12
25-10-2021,74.993698,2.785,600.86,94.12
26-10-2021,75.089897,2.785,600.86,94.12
27-10-2021,74.888901,2.785,600.86,94.12
28-10-2021,75.050003,2.785,600.86,94.12
29-10-2021,74.797203,2.785,600.86,94.12
1-11-2021,74.928299,2.785,600.86,95.99
2-11-2021,74.829903,2.785,600.86,95.99
3-11-2021,74.711998,2.785,600.86,95.99
4-11-2021,74.435501,2.785,600.86,95.99
5-11-2021,74.478104,2.785,600.86,95.99
8-11-2021,74.191101,2.785,600.86,95.99
9-11-2021,73.918503,2.785,600.86,95.99
10-11-2021,74.174797,2.785,600.86,95.99
11-11-2021,74.4049,2.785,600.86,95.99
12-11-2021,74.322098,2.785,600.86,95.99
15-11-2021,74.339996,2.785,600.86,95.99
16-11-2021,74.435097,2.785,600.86,95.99
17-11-2021,74.458603,2.785,600.86,95.99
18-11-2021,74.259804,2.785,600.86,95.99
19-11-2021,74.1744,2.785,600.86,95.99
22-11-2021,74.302597,2.785,600.86,95.99
23-11-2021,74.429802,2.785,600.86,95.99
24-11-2021,74.446999,2.785,600.86,95.99
25-11-2021,74.625,2.785,600.86,95.99
26-11-2021,74.505798,2.785,600.86,95.99
29-11-2021,74.981598,2.785,600.86,95.99
30-11-2021,75.054901,2.785,600.86,95.99
1-12-2021,75.050903,2.819,605.35,95.67
2-12-2021,75.017899,2.819,605.35,95.67
3-12-2021,74.983498,2.819,605.35,95.67
6-12-2021,75.234001,2.819,605.35,95.67
7-12-2021,75.391296,2.819,605.35,95.67
8-12-2021,75.4086,2.819,605.35,95.67
9-12-2021,75.383301,2.819,605.35,95.67
10-12-2021,75.599197,2.819,605.35,95.67
13-12-2021,75.709999,2.819,605.35,95.67
14-12-2021,75.826897,2.819,605.35,95.67
15-12-2021,76.047203,2.819,605.35,95.67
16-12-2021,76.211403,2.819,605.35,95.67
17-12-2021,76.167503,2.819,605.35,95.67
20-12-2021,76.005997,2.819,605.35,95.67
21-12-2021,75.758698,2.819,605.35,95.67
22-12-2021,75.686401,2.819,605.35,95.67
23-12-2021,75.458504,2.819,605.35,95.67
24-12-2021,75.067398,2.819,605.35,95.67
27-12-2021,75.315002,2.819,605.35,95.67
28-12-2021,74.980301,2.819,605.35,95.67
29-12-2021,74.745003,2.819,605.35,95.67
30-12-2021,74.570297,2.819,605.35,95.67
31-12-2021,74.431198,2.819,605.35,95.67
3-1-2022,74.513802,2.819,605.35,96.54
4-1-2022,74.403297,2.819,605.35,96.54
5-1-2022,74.534897,2.819,605.35,96.54
6-1-2022,74.430099,2.819,605.35,96.54
7-1-2022,74.419296,2.819,605.35,96.54
10-1-2022,74.269997,2.819,605.35,96.54
11-1-2022,74.056999,2.819,605.35,96.54
12-1-2022,73.8153,2.819,605.35,96.54
13-01-2022,73.799103,2.819,605.35,96.54
14-01-2022,73.972298,2.819,605.35,96.54
17-01-2022,74.378998,2.819,605.35,96.54
18-01-2022,74.255096,2.819,605.35,96.54
19-01-2022,74.619698,2.819,605.35,96.54
20-01-2022,74.449203,2.819,605.35,96.54
21-01-2022,74.452202,2.819,605.35,96.54
24-01-2022,74.4132,2.819,605.35,96.54
25-01-2022,74.644798,2.819,605.35,96.54
26-01-2022,74.779999,2.819,605.35,96.54
27-01-2022,74.894997,2.819,605.35,96.54
28-01-2022,75.209297,2.819,605.35,96.54
31-01-2022,75.039001,2.819,605.35,96.54
1-2-2022,74.555801,2.748,597.22,96.71
2-2-2022,74.745499,2.748,597.22,96.71
3-2-2022,74.822403,2.748,597.22,96.71
4-2-2022,74.643898,2.748,597.22,96.71
7-2-2022,74.642197,2.748,597.22,96.71
8-2-2022,74.658302,2.748,597.22,96.71
9-2-2022,74.695198,2.748,597.22,96.71
10-2-2022,74.808899,2.748,597.22,96.71
11-2-2022,75.538399,2.748,597.22,96.71
14-02-2022,75.341003,2.748,597.22,96.71
15-02-2022,75.685402,2.748,597.22,96.71
16-02-2022,75.174797,2.748,597.22,96.71
17-02-2022,75.042,2.748,597.22,96.71
18-02-2022,75.063004,2.748,597.22,96.71
21-02-2022,74.682404,2.748,597.22,96.71
22-02-2022,74.516998,2.748,597.22,96.71
23-02-2022,74.623001,2.748,597.22,96.71
24-02-2022,74.633003,2.748,597.22,96.71
25-02-2022,75.408302,2.748,597.22,96.71
28-02-2022,75.068001,2.748,597.22,96.71
1-3-2022,75.284798,2.748,597.22,98.31
2-3-2022,75.801201,2.748,597.22,98.31
3-3-2022,75.630997,2.748,597.22,98.31
4-3-2022,75.891701,2.748,597.22,98.31
7-3-2022,76.417999,2.748,597.22,98.31
8-3-2022,77.080803,2.748,597.22,98.31
9-3-2022,76.914497,2.748,597.22,98.31
10-3-2022,76.134903,2.748,597.22,98.31
11-3-2022,76.310303,2.748,597.22,98.31
14-03-2022,76.7537,2.748,597.22,98.31
15-03-2022,76.490097,2.748,597.22,98.31
16-03-2022,76.2659,2.748,597.22,98.31
17-03-2022,76.0242,2.748,597.22,98.31
18-03-2022,75.981598,2.748,597.22,98.31
21-03-2022,75.946404,2.748,597.22,98.31
22-03-2022,76.307098,2.748,597.22,98.31
23-03-2022,76.101898,2.748,597.22,98.31
24-03-2022,76.552399,2.748,597.22,98.31
25-03-2022,76.323502,2.748,597.22,98.31
28-03-2022,76.278503,2.748,597.22,98.31
29-03-2022,76.034103,2.748,597.22,98.31
30-03-2022,75.666702,2.748,597.22,98.31
31-03-2022,75.827797,2.748,597.22,98.31
1-4-2022,75.909203,2.766,600.43,102.96
4-4-2022,75.994797,2.766,600.43,102.96
5-4-2022,75.477997,2.766,600.43,102.96
6-4-2022,75.450699,2.766,600.43,102.96
7-4-2022,75.945099,2.766,600.43,102.96
8-4-2022,75.9132,2.766,600.43,102.96
11-4-2022,75.917297,2.766,600.43,102.96
12-4-2022,75.836998,2.766,600.43,102.96
13-04-2022,76.149803,2.766,600.43,102.96
14-04-2022,76.121696,2.766,600.43,102.96
15-04-2022,76.3088,2.766,600.43,102.96
18-04-2022,76.331398,2.766,600.43,102.96
19-04-2022,76.280197,2.766,600.43,102.96
20-04-2022,76.445396,2.766,600.43,102.96
21-04-2022,76.276199,2.766,600.43,102.96
22-04-2022,76.285202,2.766,600.43,102.96
25-04-2022,76.463501,2.766,600.43,102.96
26-04-2022,76.527802,2.766,600.43,102.96
27-04-2022,76.794098,2.766,600.43,102.96
28-04-2022,76.472198,2.766,600.43,102.96
29-04-2022,76.588997,2.766,600.43,102.96
2-5-2022,76.523102,2.766,600.43,101.75
3-5-2022,76.524101,2.766,600.43,101.75
4-5-2022,76.4673,2.766,600.43,101.75
5-5-2022,76.001602,2.766,600.43,101.75
6-5-2022,76.541801,2.766,600.43,101.75
9-5-2022,76.957497,2.766,600.43,101.75
10-5-2022,77.365501,2.766,600.43,101.75
11-5-2022,77.2714,2.766,600.43,101.75
12-5-2022,77.418404,2.766,600.43,101.75
13-05-2022,77.443802,2.766,600.43,101.75
16-05-2022,77.486298,2.766,600.43,101.75
17-05-2022,77.805397,2.766,600.43,101.75
18-05-2022,77.372398,2.766,600.43,101.75
19-05-2022,77.82,2.766,600.43,101.75
20-05-2022,77.421097,2.766,600.43,101.75
23-05-2022,77.818398,2.766,600.43,101.75
24-05-2022,77.526802,2.766,600.43,101.75
25-05-2022,77.478798,2.766,600.43,101.75
26-05-2022,77.497299,2.766,600.43,101.75
27-05-2022,77.630203,2.766,600.43,101.75
30-05-2022,77.692001,2.766,600.43,101.75
31-05-2022,77.520897,2.766,600.43,101.75
1-6-2022,77.598999,2.8,606.33,104.69
2-6-2022,77.584099,2.8,606.33,104.69
3-6-2022,77.360497,2.8,606.33,104.69
6-6-2022,77.694199,2.8,606.33,104.69
7-6-2022,77.820999,2.8,606.33,104.69
8-6-2022,77.670601,2.8,606.33,104.69
9-6-2022,77.724297,2.8,606.33,104.69
10-6-2022,77.818703,2.8,606.33,104.69
13-06-2022,78.177597,2.8,606.33,104.69
14-06-2022,78.160599,2.8,606.33,104.69
15-06-2022,77.985497,2.8,606.33,104.69
16-06-2022,77.9002,2.8,606.33,104.69
17-06-2022,77.977699,2.8,606.33,104.69
20-06-2022,77.961403,2.8,606.33,104.69
21-06-2022,77.933998,2.8,606.33,104.69
22-06-2022,78.134903,2.8,606.33,104.69
23-06-2022,78.1931,2.8,606.33,104.69
24-06-2022,78.142403,2.8,606.33,104.69
27-06-2022,78.252296,2.8,606.33,104.69
28-06-2022,78.441101,2.8,606.33,104.69
29-06-2022,79.073196,2.8,606.33,104.69
30-06-2022,78.8983,2.8,606.33,104.69
1-7-2022,78.962997,2.8,606.33,105.9
4-7-2022,78.950699,2.8,606.33,105.9
5-7-2022,78.939499,2.8,606.33,105.9
6-7-2022,79.368401,2.8,606.33,105.9
7-7-2022,79.0439,2.8,606.33,105.9
8-7-2022,79.221603,2.8,606.33,105.9
11-7-2022,79.331398,2.8,606.33,105.9
12-7-2022,79.477798,2.8,606.33,105.9
13-07-2022,79.476402,2.8,606.33,105.9
14-07-2022,79.807503,2.8,606.33,105.9
15-07-2022,79.878304,2.8,606.33,105.9
18-07-2022,79.720497,2.8,606.33,105.9
19-07-2022,80.030296,2.8,606.33,105.9
20-07-2022,79.855904,2.8,606.33,105.9
21-07-2022,80.003403,2.8,606.33,105.9
22-07-2022,79.775902,2.8,606.33,105.9
25-07-2022,79.876801,2.8,606.33,105.9
26-07-2022,79.722504,2.8,606.33,105.9
27-07-2022,79.841202,2.8,606.33,105.9
28-07-2022,79.847397,2.8,606.33,105.9
29-07-2022,79.571503,2.8,606.33,105.9
1-8-2022,79.194801,2.832,612.45,108.7
2-8-2022,78.955704,2.832,612.45,108.7
3-8-2022,78.6045,2.832,612.45,108.7
4-8-2022,79.118301,2.832,612.45,108.7
5-8-2022,79.1549,2.832,612.45,108.7
8-8-2022,79.410599,2.832,612.45,108.7
9-8-2022,79.601898,2.832,612.45,108.7
10-8-2022,79.5784,2.832,612.45,108.7
11-8-2022,79.097801,2.832,612.45,108.7
12-8-2022,79.613998,2.832,612.45,108.7
15-08-2022,79.627602,2.832,612.45,108.7
16-08-2022,79.552902,2.832,612.45,108.7
17-08-2022,79.146004,2.832,612.45,108.7
18-08-2022,79.359703,2.832,612.45,108.7
19-08-2022,79.766701,2.832,612.45,108.7
22-08-2022,79.9179,2.832,612.45,108.7
23-08-2022,79.883797,2.832,612.45,108.7
24-08-2022,79.8545,2.832,612.45,108.7
25-08-2022,79.796799,2.832,612.45,108.7
26-08-2022,79.882896,2.832,612.45,108.7
29-08-2022,79.959099,2.832,612.45,108.7
30-08-2022,79.967903,2.832,612.45,108.7
31-08-2022,79.682297,2.832,612.45,108.7
1-9-2022,79.548798,2.832,612.45,112.12
2-9-2022,79.716797,2.832,612.45,112.12
5-9-2022,79.724503,2.832,612.45,112.12
6-9-2022,79.782997,2.832,612.45,112.12
7-9-2022,79.895103,2.832,612.45,112.12
8-9-2022,79.649803,2.832,612.45,112.12
9-9-2022,79.706299,2.832,612.45,112.12
12-9-2022,79.6558,2.832,612.45,112.12
13-09-2022,79.355301,2.832,612.45,112.12
14-09-2022,79.602402,2.832,612.45,112.12
15-09-2022,79.453697,2.832,612.45,112.12
16-09-2022,79.849098,2.832,612.45,112.12
19-09-2022,79.689499,2.832,612.45,112.12
20-09-2022,79.707497,2.832,612.45,112.12
21-09-2022,79.762703,2.832,612.45,112.12
22-09-2022,80.050697,2.832,612.45,112.12
23-09-2022,81.062202,2.832,612.45,112.12
26-09-2022,81.254799,2.832,612.45,112.12
27-09-2022,81.615799,2.832,612.45,112.12
28-09-2022,81.724602,2.832,612.45,112.12
29-09-2022,81.428703,2.832,612.45,112.12
30-09-2022,81.480598,2.832,612.45,112.12
3-10-2022,81.521301,2.857,618.56,111.53
4-10-2022,81.495003,2.857,618.56,111.53
5-10-2022,81.4655,2.857,618.56,111.53
6-10-2022,81.648804,2.857,618.56,111.53
7-10-2022,82.348999,2.857,618.56,111.53
10-10-2022,82.832298,2.857,618.56,111.53
11-10-2022,82.4207,2.857,618.56,111.53
12-10-2022,82.273903,2.857,618.56,111.53
13-10-2022,82.199997,2.857,618.56,111.53
14-10-2022,82.192101,2.857,618.56,111.53
17-10-2022,82.412804,2.857,618.56,111.53
18-10-2022,82.194702,2.857,618.56,111.53
19-10-2022,82.2864,2.857,618.56,111.53
20-10-2022,82.997002,2.857,618.56,111.53
21-10-2022,82.825699,2.857,618.56,111.53
24-10-2022,82.541298,2.857,618.56,111.53
25-10-2022,82.761497,2.857,618.56,111.53
26-10-2022,82.445297,2.857,618.56,111.53
27-10-2022,82.049599,2.857,618.56,111.53
28-10-2022,82.442497,2.857,618.56,111.53
31-10-2022,82.239197,2.857,618.56,111.53
1-11-2022,82.728996,2.857,618.56,105.95
2-11-2022,82.684502,2.857,618.56,105.95
3-11-2022,82.888397,2.857,618.56,105.95
4-11-2022,82.681801,2.857,618.56,105.95
7-11-2022,81.974998,2.857,618.56,105.95
8-11-2022,81.825996,2.857,618.56,105.95
9-11-2022,81.405197,2.857,618.56,105.95
10-11-2022,81.343803,2.857,618.56,105.95
11-11-2022,80.482903,2.857,618.56,105.95
14-11-2022,80.497002,2.857,618.56,105.95
15-11-2022,80.991997,2.857,618.56,105.95
16-11-2022,81.071404,2.857,618.56,105.95
17-11-2022,81.4953,2.857,618.56,105.95
18-11-2022,81.524902,2.857,618.56,105.95
21-11-2022,81.519897,2.857,618.56,105.95
22-11-2022,81.727699,2.857,618.56,105.95
23-11-2022,81.714996,2.857,618.56,105.95
24-11-2022,81.632896,2.857,618.56,105.95
25-11-2022,81.655403,2.857,618.56,105.95
28-11-2022,81.669701,2.857,618.56,105.95
29-11-2022,81.650299,2.857,618.56,105.95
30-11-2022,81.630898,2.857,618.56,105.95
1-12-2022,81.305298,2.897,624.46,103.52
2-12-2022,81.162201,2.897,624.46,103.52
5-12-2022,81.422501,2.897,624.46,103.52
6-12-2022,81.899002,2.897,624.46,103.52
7-12-2022,82.3722,2.897,624.46,103.52
8-12-2022,82.253502,2.897,624.46,103.52
9-12-2022,82.279198,2.897,624.46,103.52
12-12-2022,82.413002,2.897,624.46,103.52
13-12-2022,82.644699,2.897,624.46,103.52
14-12-2022,82.402496,2.897,624.46,103.52
15-12-2022,82.508003,2.897,624.46,103.52
16-12-2022,82.857903,2.897,624.46,103.52
19-12-2022,82.725998,2.897,624.46,103.52
20-12-2022,82.581902,2.897,624.46,103.52
21-12-2022,82.636902,2.897,624.46,103.52
22-12-2022,82.878601,2.897,624.46,103.52
23-12-2022,82.874901,2.897,624.46,103.52
26-12-2022,82.604103,2.897,624.46,103.52
27-12-2022,82.902901,2.897,624.46,103.52
28-12-2022,82.7761,2.897,624.46,103.52
29-12-2022,82.851997,2.897,624.46,103.52
30-12-2022,82.835098,2.897,624.46,103.52